{
  "timestamp": "20251117_200138",
  "total_records": 51,
  "num_categories": 4,
  "avg_words_original": 4.921568627450981,
  "avg_words_processed": 3.6470588235294117
}